{
  "id": "",
  "name": "",
  "font_family": "iconfont",
  "css_prefix_text": "icon-",
  "description": "",
  "glyphs": [
    {
      "icon_id": "274871",
      "name": "icon-jiantouyou",
      "font_class": "iconjiantouyou",
      "unicode": "e61c",
      "unicode_decimal": 58908
    },
    {
      "icon_id": "278882",
      "name": "icon-jiantouzuo",
      "font_class": "iconjiantouzuo",
      "unicode": "e634",
      "unicode_decimal": 58932
    },
    {
      "icon_id": "353846",
      "name": "icon-weixin",
      "font_class": "iconweixin",
      "unicode": "e623",
      "unicode_decimal": 58915
    },
    {
      "icon_id": "357852",
      "name": "icon-weibo",
      "font_class": "weibo",
      "unicode": "e626",
      "unicode_decimal": 58918
    },
    {
      "icon_id": "500739",
      "name": "icon-search",
      "font_class": "search",
      "unicode": "e605",
      "unicode_decimal": 58885
    },
    {
      "icon_id": "4140438",
      "name": "收藏 #icon-shoucang",
      "font_class": "shoucangicon-shoucang",
      "unicode": "e63b",
      "unicode_decimal": 58939
    },
    {
      "icon_id": "5810385",
      "name": "icon-wechat",
      "font_class": "wechat",
      "unicode": "e60f",
      "unicode_decimal": 58895
    },
    {
      "icon_id": "7452028",
      "name": "icon_collection",
      "font_class": "icon_collection",
      "unicode": "e6ae",
      "unicode_decimal": 59054
    },
    {
      "icon_id": "10472756",
      "name": "icon_zhankai",
      "font_class": "icon_zhankai",
      "unicode": "e67d",
      "unicode_decimal": 59005
    },
    {
      "icon_id": "12407757",
      "name": "icon-shopping-bag",
      "font_class": "icon-shopping-bag",
      "unicode": "e6d4",
      "unicode_decimal": 59092
    },
    {
      "icon_id": "12911476",
      "name": "icon-gouwudai",
      "font_class": "icon_gouwudai",
      "unicode": "e603",
      "unicode_decimal": 58883
    },
    {
      "icon_id": "13242658",
      "name": "#icon-sousuo",
      "font_class": "sousuo",
      "unicode": "e627",
      "unicode_decimal": 58919
    }
  ]
}
